Title,Summary,Classification
The Evolution of Machine Learning and Its Applications - Report 1,"Papers on all aspects of machine learning research (supervised, unsupervised, reinforcement learning, bandit problems, and so on) including also robustness, explanation, fairness, and methodology. cs.LG is also an appropriate primary category for applications of machine learning methods. This document discusses key challenges and emerging trends in machine learning, providing a comprehensive overview.",
Coordinated Interactions in Multiagent Systems - Review 2,"Covers multiagent systems, distributed artificial intelligence, intelligent agents, coordinated interactions. and practical applications. This document discusses key challenges and emerging trends in multiagent systems, providing a comprehensive overview.",
Enhancing User Experience Through Human-Computer Interaction - Study 3,"Covers human factors, user interfaces, and collaborative computing. Roughly includes material in ACM Subject Classes H.1.2 and all of H.5, except for H.5.1, which is more likely to have Multimedia as the primary subject area. This document discusses key challenges and emerging trends in human-computer interaction, providing a comprehensive overview.",
Advances in Natural Language Processing and Computation - Case 4,"Covers natural language processing. Roughly includes material in ACM Subject Class I.2.7. Note that work on artificial languages (programming languages, logics, formal systems) that does not explicitly address natural-language issues broadly construed (natural-language processing, computational linguistics, speech, text retrieval, etc.) is not appropriate for this area. This document discusses key challenges and emerging trends in computation and language, providing a comprehensive overview.",
The Evolution of Machine Learning and Its Applications - Report 5,"Papers on all aspects of machine learning research (supervised, unsupervised, reinforcement learning, bandit problems, and so on) including also robustness, explanation, fairness, and methodology. cs.LG is also an appropriate primary category for applications of machine learning methods. This document discusses key challenges and emerging trends in machine learning, providing a comprehensive overview.",
Advancements in Networking and Internet Architecture - Paper 6,"Covers all aspects of computer communication networks, including network architecture and design, network protocols, and internetwork standards (like TCP/IP). Also includes topics, such as web caching, that are directly relevant to Internet architecture and performance. This document discusses key challenges and emerging trends in networking and internet architecture, providing a comprehensive overview.",
Advancements in Networking and Internet Architecture - Paper 7,"Covers all aspects of computer communication networks, including network architecture and design, network protocols, and internetwork standards (like TCP/IP). Also includes topics, such as web caching, that are directly relevant to Internet architecture and performance. This document discusses key challenges and emerging trends in networking and internet architecture, providing a comprehensive overview.",
Advancements in Networking and Internet Architecture - Paper 8,"Covers all aspects of computer communication networks, including network architecture and design, network protocols, and internetwork standards (like TCP/IP). Also includes topics, such as web caching, that are directly relevant to Internet architecture and performance. This document discusses key challenges and emerging trends in networking and internet architecture, providing a comprehensive overview.",
Coordinated Interactions in Multiagent Systems - Review 9,"Covers multiagent systems, distributed artificial intelligence, intelligent agents, coordinated interactions. and practical applications. This document discusses key challenges and emerging trends in multiagent systems, providing a comprehensive overview.",
Efficient Data Structures and Algorithmic Techniques - Insight 10,"Covers data structures and analysis of algorithms. This document discusses key challenges and emerging trends in data structures and algorithms, providing a comprehensive overview.",
The Evolution of Machine Learning and Its Applications - Report 11,"Papers on all aspects of machine learning research (supervised, unsupervised, reinforcement learning, bandit problems, and so on) including also robustness, explanation, fairness, and methodology. cs.LG is also an appropriate primary category for applications of machine learning methods. This document discusses key challenges and emerging trends in machine learning, providing a comprehensive overview.",
Exploring Key Concepts in Artificial Intelligence - Insight 12,"Covers all areas of AI except Vision, Robotics, Machine Learning, Multiagent Systems, and Computation and Language (Natural Language Processing), which have separate subject areas. In particular, includes Expert Systems, Theorem Proving (although this may overlap with Logic in Computer Science), Knowledge Representation, Planning, and Uncertainty in AI. This document discusses key challenges and emerging trends in artificial intelligence, providing a comprehensive overview.",
Enhancing User Experience Through Human-Computer Interaction - Study 13,"Covers human factors, user interfaces, and collaborative computing. Roughly includes material in ACM Subject Classes H.1.2 and all of H.5, except for H.5.1, which is more likely to have Multimedia as the primary subject area. This document discusses key challenges and emerging trends in human-computer interaction, providing a comprehensive overview.",
Efficient Data Structures and Algorithmic Techniques - Insight 14,"Covers data structures and analysis of algorithms. This document discusses key challenges and emerging trends in data structures and algorithms, providing a comprehensive overview.",
Efficient Data Structures and Algorithmic Techniques - Insight 15,"Covers data structures and analysis of algorithms. This document discusses key challenges and emerging trends in data structures and algorithms, providing a comprehensive overview.",
Advances in Natural Language Processing and Computation - Case 16,"Covers natural language processing. Roughly includes material in ACM Subject Class I.2.7. Note that work on artificial languages (programming languages, logics, formal systems) that does not explicitly address natural-language issues broadly construed (natural-language processing, computational linguistics, speech, text retrieval, etc.) is not appropriate for this area. This document discusses key challenges and emerging trends in computation and language, providing a comprehensive overview.",
Enhancing User Experience Through Human-Computer Interaction - Study 17,"Covers human factors, user interfaces, and collaborative computing. Roughly includes material in ACM Subject Classes H.1.2 and all of H.5, except for H.5.1, which is more likely to have Multimedia as the primary subject area. This document discusses key challenges and emerging trends in human-computer interaction, providing a comprehensive overview.",
Improving Software Quality Through Engineering Principles - Report 18,"Covers design tools, software metrics, testing and debugging, programming environments, etc. Roughly includes material in all of ACM Subject Classes D.2, except that D.2.4 (program verification) should probably have Logics in Computer Science as the primary subject area. This document discusses key challenges and emerging trends in software engineering, providing a comprehensive overview.",
Improving Software Quality Through Engineering Principles - Report 19,"Covers design tools, software metrics, testing and debugging, programming environments, etc. Roughly includes material in all of ACM Subject Classes D.2, except that D.2.4 (program verification) should probably have Logics in Computer Science as the primary subject area. This document discusses key challenges and emerging trends in software engineering, providing a comprehensive overview.",
Coordinated Interactions in Multiagent Systems - Review 20,"Covers multiagent systems, distributed artificial intelligence, intelligent agents, coordinated interactions. and practical applications. This document discusses key challenges and emerging trends in multiagent systems, providing a comprehensive overview.",
Advancements in Networking and Internet Architecture - Paper 21,"Covers all aspects of computer communication networks, including network architecture and design, network protocols, and internetwork standards (like TCP/IP). Also includes topics, such as web caching, that are directly relevant to Internet architecture and performance. This document discusses key challenges and emerging trends in networking and internet architecture, providing a comprehensive overview.",
Exploring Key Concepts in Artificial Intelligence - Insight 22,"Covers all areas of AI except Vision, Robotics, Machine Learning, Multiagent Systems, and Computation and Language (Natural Language Processing), which have separate subject areas. In particular, includes Expert Systems, Theorem Proving (although this may overlap with Logic in Computer Science), Knowledge Representation, Planning, and Uncertainty in AI. This document discusses key challenges and emerging trends in artificial intelligence, providing a comprehensive overview.",
Improving Software Quality Through Engineering Principles - Report 23,"Covers design tools, software metrics, testing and debugging, programming environments, etc. Roughly includes material in all of ACM Subject Classes D.2, except that D.2.4 (program verification) should probably have Logics in Computer Science as the primary subject area. This document discusses key challenges and emerging trends in software engineering, providing a comprehensive overview.",
Coordinated Interactions in Multiagent Systems - Review 24,"Covers multiagent systems, distributed artificial intelligence, intelligent agents, coordinated interactions. and practical applications. This document discusses key challenges and emerging trends in multiagent systems, providing a comprehensive overview.",
Exploring Key Concepts in Artificial Intelligence - Insight 25,"Covers all areas of AI except Vision, Robotics, Machine Learning, Multiagent Systems, and Computation and Language (Natural Language Processing), which have separate subject areas. In particular, includes Expert Systems, Theorem Proving (although this may overlap with Logic in Computer Science), Knowledge Representation, Planning, and Uncertainty in AI. This document discusses key challenges and emerging trends in artificial intelligence, providing a comprehensive overview.",
Enhancing User Experience Through Human-Computer Interaction - Study 26,"Covers human factors, user interfaces, and collaborative computing. Roughly includes material in ACM Subject Classes H.1.2 and all of H.5, except for H.5.1, which is more likely to have Multimedia as the primary subject area. This document discusses key challenges and emerging trends in human-computer interaction, providing a comprehensive overview.",
Advancements in Networking and Internet Architecture - Paper 27,"Covers all aspects of computer communication networks, including network architecture and design, network protocols, and internetwork standards (like TCP/IP). Also includes topics, such as web caching, that are directly relevant to Internet architecture and performance. This document discusses key challenges and emerging trends in networking and internet architecture, providing a comprehensive overview.",
Enhancing User Experience Through Human-Computer Interaction - Study 28,"Covers human factors, user interfaces, and collaborative computing. Roughly includes material in ACM Subject Classes H.1.2 and all of H.5, except for H.5.1, which is more likely to have Multimedia as the primary subject area. This document discusses key challenges and emerging trends in human-computer interaction, providing a comprehensive overview.",
Improving Software Quality Through Engineering Principles - Report 29,"Covers design tools, software metrics, testing and debugging, programming environments, etc. Roughly includes material in all of ACM Subject Classes D.2, except that D.2.4 (program verification) should probably have Logics in Computer Science as the primary subject area. This document discusses key challenges and emerging trends in software engineering, providing a comprehensive overview.",
Coordinated Interactions in Multiagent Systems - Review 30,"Covers multiagent systems, distributed artificial intelligence, intelligent agents, coordinated interactions. and practical applications. This document discusses key challenges and emerging trends in multiagent systems, providing a comprehensive overview.",
Efficient Data Structures and Algorithmic Techniques - Insight 31,"Covers data structures and analysis of algorithms. This document discusses key challenges and emerging trends in data structures and algorithms, providing a comprehensive overview.",
Advances in Natural Language Processing and Computation - Case 32,"Covers natural language processing. Roughly includes material in ACM Subject Class I.2.7. Note that work on artificial languages (programming languages, logics, formal systems) that does not explicitly address natural-language issues broadly construed (natural-language processing, computational linguistics, speech, text retrieval, etc.) is not appropriate for this area. This document discusses key challenges and emerging trends in computation and language, providing a comprehensive overview.",
Advances in Natural Language Processing and Computation - Case 33,"Covers natural language processing. Roughly includes material in ACM Subject Class I.2.7. Note that work on artificial languages (programming languages, logics, formal systems) that does not explicitly address natural-language issues broadly construed (natural-language processing, computational linguistics, speech, text retrieval, etc.) is not appropriate for this area. This document discusses key challenges and emerging trends in computation and language, providing a comprehensive overview.",
Efficient Data Structures and Algorithmic Techniques - Insight 34,"Covers data structures and analysis of algorithms. This document discusses key challenges and emerging trends in data structures and algorithms, providing a comprehensive overview.",
Efficient Data Structures and Algorithmic Techniques - Insight 35,"Covers data structures and analysis of algorithms. This document discusses key challenges and emerging trends in data structures and algorithms, providing a comprehensive overview.",
Advancements in Networking and Internet Architecture - Paper 36,"Covers all aspects of computer communication networks, including network architecture and design, network protocols, and internetwork standards (like TCP/IP). Also includes topics, such as web caching, that are directly relevant to Internet architecture and performance. This document discusses key challenges and emerging trends in networking and internet architecture, providing a comprehensive overview.",
The Evolution of Machine Learning and Its Applications - Report 37,"Papers on all aspects of machine learning research (supervised, unsupervised, reinforcement learning, bandit problems, and so on) including also robustness, explanation, fairness, and methodology. cs.LG is also an appropriate primary category for applications of machine learning methods. This document discusses key challenges and emerging trends in machine learning, providing a comprehensive overview.",
Advancements in Networking and Internet Architecture - Paper 38,"Covers all aspects of computer communication networks, including network architecture and design, network protocols, and internetwork standards (like TCP/IP). Also includes topics, such as web caching, that are directly relevant to Internet architecture and performance. This document discusses key challenges and emerging trends in networking and internet architecture, providing a comprehensive overview.",
Understanding Image Processing and Pattern Recognition - Overview 39,"Covers image processing, computer vision, pattern recognition, and scene understanding. Roughly includes material in ACM Subject Classes I.2.10, I.4, and I.5. This document discusses key challenges and emerging trends in computer vision and pattern recognition, providing a comprehensive overview.",
Exploring Key Concepts in Artificial Intelligence - Insight 40,"Covers all areas of AI except Vision, Robotics, Machine Learning, Multiagent Systems, and Computation and Language (Natural Language Processing), which have separate subject areas. In particular, includes Expert Systems, Theorem Proving (although this may overlap with Logic in Computer Science), Knowledge Representation, Planning, and Uncertainty in AI. This document discusses key challenges and emerging trends in artificial intelligence, providing a comprehensive overview.",
Advances in Natural Language Processing and Computation - Case 41,"Covers natural language processing. Roughly includes material in ACM Subject Class I.2.7. Note that work on artificial languages (programming languages, logics, formal systems) that does not explicitly address natural-language issues broadly construed (natural-language processing, computational linguistics, speech, text retrieval, etc.) is not appropriate for this area. This document discusses key challenges and emerging trends in computation and language, providing a comprehensive overview.",
Innovations in Database Management and Data Processing - Guide 42,"Covers database management, datamining, and data processing. This document discusses key challenges and emerging trends in databases, providing a comprehensive overview.",
Efficient Data Structures and Algorithmic Techniques - Insight 43,"Covers data structures and analysis of algorithms. This document discusses key challenges and emerging trends in data structures and algorithms, providing a comprehensive overview.",
Coordinated Interactions in Multiagent Systems - Review 44,"Covers multiagent systems, distributed artificial intelligence, intelligent agents, coordinated interactions. and practical applications. This document discusses key challenges and emerging trends in multiagent systems, providing a comprehensive overview.",
Exploring Key Concepts in Artificial Intelligence - Insight 45,"Covers all areas of AI except Vision, Robotics, Machine Learning, Multiagent Systems, and Computation and Language (Natural Language Processing), which have separate subject areas. In particular, includes Expert Systems, Theorem Proving (although this may overlap with Logic in Computer Science), Knowledge Representation, Planning, and Uncertainty in AI. This document discusses key challenges and emerging trends in artificial intelligence, providing a comprehensive overview.",
Enhancing User Experience Through Human-Computer Interaction - Study 46,"Covers human factors, user interfaces, and collaborative computing. Roughly includes material in ACM Subject Classes H.1.2 and all of H.5, except for H.5.1, which is more likely to have Multimedia as the primary subject area. This document discusses key challenges and emerging trends in human-computer interaction, providing a comprehensive overview.",
Advancements in Networking and Internet Architecture - Paper 47,"Covers all aspects of computer communication networks, including network architecture and design, network protocols, and internetwork standards (like TCP/IP). Also includes topics, such as web caching, that are directly relevant to Internet architecture and performance. This document discusses key challenges and emerging trends in networking and internet architecture, providing a comprehensive overview.",
Advances in Natural Language Processing and Computation - Case 48,"Covers natural language processing. Roughly includes material in ACM Subject Class I.2.7. Note that work on artificial languages (programming languages, logics, formal systems) that does not explicitly address natural-language issues broadly construed (natural-language processing, computational linguistics, speech, text retrieval, etc.) is not appropriate for this area. This document discusses key challenges and emerging trends in computation and language, providing a comprehensive overview.",
Enhancing User Experience Through Human-Computer Interaction - Study 49,"Covers human factors, user interfaces, and collaborative computing. Roughly includes material in ACM Subject Classes H.1.2 and all of H.5, except for H.5.1, which is more likely to have Multimedia as the primary subject area. This document discusses key challenges and emerging trends in human-computer interaction, providing a comprehensive overview.",
The Evolution of Machine Learning and Its Applications - Report 50,"Papers on all aspects of machine learning research (supervised, unsupervised, reinforcement learning, bandit problems, and so on) including also robustness, explanation, fairness, and methodology. cs.LG is also an appropriate primary category for applications of machine learning methods. This document discusses key challenges and emerging trends in machine learning, providing a comprehensive overview.",
